"Merchandiser","Mercadotecnia",""
"Back","Atrás",""
"Reset","Reset",""
"Save and Continue Edit","Guardar y continuar editando",""
"Save","Guardar",""
"1 product","1 producto",""
"<%- count %> products","<%- count %> productos",""
"No products in the selected range.","No hay productos en el rango seleccionado.",""
"Search Configuration","Configuración de búsqueda",""
"Can be used only with catalog input type Text field, Dropdown, Multiple Select and Price.","Sólo se puede utilizar con el campo de texto del tipo de entrada del catálogo, desplegable, selección múltiple y precio.",""
"Display in autocomplete","Mostrar en autocompletado",""
"Facet coverage rate","Tasa de cobertura de facetas",""
"Ex: Brand facet will be displayed only if 90% of the product have a brand.","Ej: La faceta de la marca se mostrará sólo si el 90% del producto tiene una marca.",""
"Facet max. size","Tamaño máximo de la faceta",""
"Max number of values returned by a facet query.","Número máximo de valores devueltos por una consulta de facetas.",""
"Facet sort order","Orden de facetas",""
"Search Weight","Buscar peso",""
"Used in spellcheck","Usado en el corrector ortográfico",""
"First","Primero",""
"Last","Última",""
"Sort products without value when sorting ASC","Ordenar productos sin valor al ordenar ASC",""
"How the products which are missing values for this attribute should be treated when using it to sort.","Cómo los productos que faltan valores para este atributo deben ser tratados cuando se utiliza para ordenar.",""
"Sort products without value when sorting DESC","Ordenar productos sin valor al ordenar DESC",""
"Slider Display Configuration","Configuración de visualización deslizante",""
"Display pattern","Patrón de pantalla",""
"A pattern like %s UNIT where %s is the value. Eg : $%s => $20 or %s € => 20 €","Un patrón como %s UNIDAD donde %s es el valor. Ej: $%s => $20 o %s € => 20 €",""
"Display Precision","Mostrar precisión",""
"The number of digits to use for precision when displaying.","El número de dígitos a usar para la precisión al mostrar.",""
"No exact results found for: <b>'%1'</b>. The displayed items are the closest matches.","No se han encontrado resultados exactos para: <b>'%1'</b>. Los elementos mostrados son los más cercanos.",""
"No search specified.","Ninguna búsqueda especificada.",""
"This search no longer exists.","Esta búsqueda ya no existe.",""
"Search results for ""%1""","Resultados de búsqueda para ""%1""",""
"Unable to save positions.","No se pueden guardar las posiciones.",""
"Auto","Auto",""
"Always hidden","Siempre oculto",""
"Always displayed","Mostrar siempre",""
"Result count","Número de resultados",""
"Admin sort","Ordenar admin",""
"Name","Nombre",""
"Relevance","Relevancia",""
"%1 and above","%1 y superior",""
"%1 - %2","%1 - %2",""
"%1 is the only product matching your '%2' search.","%1 es el único producto que coincide con tu búsqueda '%2'.",""
"item","objeto",""
"items","objetos",""
"OK","Ok",""
"Shop By","Comprar por",""
"Clear All","Limpiar todo",""
"Shopping Options","Opciones de compra",""
"Your product selection is empty.","Su selección de producto está vacía.",""
"Automatic Sort","Ordenar automáticamente",""
"Manual Sort","Orden manual",""
"Show more","Mostrar más",""
"Search","Buscar",""
"Refine search","Refinar búsqueda",""
"Clear search","Limpiar búsqueda",""
"Your search returned no results.","Su búsqueda no ha devuelto resultados.",""
"Preview Only Mode","Modo de previsualización",""
"Clear product positions","Limpiar posiciones del producto",""
"Clear all products positions and blacklist status ?","¿Borrar todas las posiciones de los productos y el estado de la lista negra?",""
"In Stock","En stock",""
"Out Of Stock","Fuera de stock",""
"Show less","Mostrar menos",""
"No value matching the search <b>%s</b>.","Ningún valor que coincida con la búsqueda <b>%s</b>.",""
"Search (%s)","Buscar (%s)",""
"Product Autocomplete","Autocompletar producto",""
"Max Size","Max Size",""
"Maximum number of products to display in autocomplete results.","Número máximo de productos a mostrar en los resultados de autocompletar.",""
"Product Attributes Autocomplete","Atributos de producto Autocompletar",""
"Maximum number of product attributes to display in autocomplete results.","Número máximo de atributos de producto a mostrar en los resultados de autocompletar.",""
"Category Autocomplete","Autocompletar categoría",""
"Maximum number of categories to display in autocomplete results.","Número máximo de categorías a mostrar en los resultados de autocompletar.",""
"Catalog Search","Búsqueda de catálogo",""
"Catalog Search Configuration","Configuración de búsqueda de catálogo",""
"Redirect to product page if only one result","Redirigir a la página del producto si solo un resultado",""
"If there is only one product matching a given search query, the user will be redirect to this product page.","Si sólo hay un producto que coincida con una determinada consulta de búsqueda, el usuario será redirigido a esta página del producto.",""
"Use URL Rewrites for Category Filter in category navigation","Usar reescrituras URL para el filtro de categorías en la navegación de categorías",""
"When set to yes, users are redirected (and all filters are reset) to the chosen category page when they use the category filter in layered navigation.","Cuando se establece en si, los usuarios son redireccionados (y todos los filtros son restablecidos) a la página de categoría elegida cuando utilizan el filtro de categoría en la navegación por capas.",""
"Expanded facets","Facetas expandidas",""
"Number of facets to display expanded by default.","Número de facetas a mostrar expandidas por defecto.",""
"ElasticSuite Category Indexing","Indexación de categorías de ElasticSuite",""
"Reindex ElasticSuite catalog categories.","Categorías de catálogo de Reindex ElasticSuite.",""
"Is Spellchecked","Está comprobado ortografía",""
"Yes","Sí",""
"No","Nu",""
"Layered Navigation Filters","Filtros de navegación por capas",""
"Attribute","Atributo",""
"Display Mode","Modo de pantalla",""
"Sort Order","Ordenar",""
"Pinned","Fijado",""
"Use Category Name in product search","Usar nombre de categoría en la búsqueda de producto",""
"Add New Optimizer","Añadir nuevo optimizador",""
"All Store Views","Todas las vistas de la tienda",""
"Store View","Vista de tienda",""
"ID","ID",""
"Query Text","Texto de consulta",""
"No search result for the current search.","No hay resultados de búsqueda para la búsqueda actual.",""
"Clear all products positions and blacklist status ? All products will be reset to be visible and in 'Automatic Sort'.","¿Borrar todas las posiciones de los productos y el estado de la lista negra? Todos los productos se restablecerán para ser visibles y en 'Orden automático'.",""
"Products","Productos",""
"Categories","Categorías",""
"Attributes","Atributos",""
"No value matching the search <b>%1</b>.","Ningún valor que coincida con la búsqueda <b>%1</b>.",""
"Logical OR (default)","Lógica O (por defecto)",""
"Logical AND","Y lógico",""
"When several values are selected in a facet/filter, the default behavior is to combine them with a logical OR (""red"" OR ""blue""). But a logical AND can be handy for some attributes (""egg free"" AND ""gluten free"", ""waterproof AND lightweight AND warm"").","Cuando se seleccionan varios valores en una faceta/filtro, el comportamiento por defecto es combinarlos con una OR lógica (""rojo"" O ""azul). Pero un AND lógico puede ser útil para algunos atributos (""""egg free"""" Y """"gluten libremente""""","waterproof AND lightweight AND warm"""")."""
"Facet internal logic","Lógica interna de facetas",""
"Category Name Weight","Influencia del nombre de categoría",""
"The search weight of category names when used in fulltext search.","El peso de la búsqueda de nombres de categorías cuando se utiliza en la búsqueda de texto completo.",""
"Elasticsuite mapping has been updated real-time. However, your modifications might not be visible until the Catalogsearch Fulltext index is completely rebuilt.","El mapeo de Elasticsuite ha sido actualizado en tiempo real. Sin embargo, sus modificaciones pueden no ser visibles hasta que el índice de texto completo de búsqueda de catálogo sea completamente reconstruido.",""
"Elasticsuite mapping could not be updated real-time. Please wait for the complete reindexing of Catalogsearch Fulltext index.","El mapeo de Elasticsuite no pudo ser actualizado en tiempo real. Por favor, espere a que se vuelva a indexar completamente el índice de texto completo de búsqueda de catálogo.",""
"Catalogsearch fulltext index has been invalidated.","El índice de búsqueda de catálogo de texto completo ha sido invalido.",""
"Enable adaptive slider","Activar diapositiva adaptativa",""
"If enabled, when necessary to support the presence of outlier values in the navigation context (for instance, a very high price amidst a majority of low prices), the price slider behavior changes so that the middle of the slider range corresponds to the median price instead of the price at the middle of the range.","Si está activado, cuando sea necesario para soportar la presencia de valores atípicos en el contexto de navegación (por ejemplo, un precio muy alto en medio de una mayoría de precios bajos), el comportamiento del deslizador de precios cambia para que el medio del rango de deslizante corresponda al precio medio en lugar del precio medio en el medio del rango.",""
"Include zero or false values","Incluye cero o valores falsos",""
"If set to Yes, zero (integer or numeric attribute) or false (boolean attribute) values will be indexed in the search engine (default is No). Also applies to source model keys/values of Dropdown/Multiple Select attributes.","Si se establece en Sí, cero (entero o atributo numérico) o falso (atributo booleano) los valores serán indexados en el motor de búsqueda (por defecto es No). También se aplica a las claves/valores del modelo fuente de los atributos de Dropdown/Selección múltiple.",""
"Display Category in Autocomplete","Mostrar categoría en autocompletado",""
"If the category can be displayed in autocomplete results.","Si la categoría puede mostrarse en los resultados de autocompletar.",""
"Enable indexing child product SKU in dedicated subfield","Habilitar indexación de producto hijo SKU en subcampo dedicado",""
"If enabled, child products SKUs of composite products will be indexed in a separate field and the ""sku"" field will only contain the parent product sku.","Si está activado, los productos secundarios SKUs de los productos compuestos se indexarán en un campo separado y el campo ""sku"" sólo contendrá el sku del producto padre.",""
"Enable indexing discount on child products","Habilitar descuento de indexación en productos secundarios",""
"Enable this if your catalog contains configurable products that are having childrens with different prices that could have separated discounts.","Habilite esto si su catálogo contiene productos configurables que están teniendo niños con precios diferentes que podrían haber separado descuentos.",""
"Use this field for span queries","Utilice este campo para consultas",""
"Discard the field length for scoring","Descartar la longitud del campo para puntuar",""
"Default : No. If set to Yes, the engine will try to match the current query string at the beginning of this string. Eg: when enabled on ""name"", if a customer search for ""red dress"", the engine will give an higher score to products having a name beginning by ""red dress"". This requires the Span Match Boost feature to be enabled.","Por defecto: No. Si se establece en Sí, el motor tratará de coincidir con la cadena de consulta actual al principio de esta cadena. Ej: cuando está activado en ""nombre"", si un cliente busca ""vestido rojo"", el motor dará una mayor puntuación a los productos que tienen un nombre comenzando por ""ropa roja"". Esto requiere que la función de Aumento de coincidencia de Span esté habilitada.",""
"Default : No. By default, the score of a text match in a field will vary according to the field length. Eg: when searching for ""dress"", a product named ""red dress"" will have an higher score than a product named ""red dress with long sleeves"". You can set this to ""Yes"" to discard this behavior.","Por defecto: No. De forma predeterminada, la puntuación de un texto en un campo variará en función de la longitud del campo. Ej: al buscar ""vestimentas"", un producto llamado ""vestimenta roja"" tendrá una puntuación más alta que un producto llamado ""vestido rojo con mangas largas"". Puede establecer esto como ""Sí"" para descartar este comportamiento.",""
"Default Search Analyzer","Analizador de búsqueda por defecto",""
"Default : standard. The default analyzer for this field. Should be set to ""reference"" for SKU-like fields. You can check the %1 screen to view how these analyzers behave.","Por defecto: estándar. El analizador predeterminado para este campo. Debe establecerse en ""referencia"" para campos tipo SKU. Puede comprobar la pantalla %1 para ver cómo se comportan estos analizadores.",""
"Layered Navigation Configuration","Configuración de navegación por capas",""
"Advanced Elasticsuite Configuration","Configuración avanzada de Elasticsuite",""
"Analysis Page","Página de análisis",""
"Ignore manual positions of out of stock products","Ignorar posiciones manuales de productos fuera de stock",""
"If you show out of stock products in the frontend (through the ""Catalog / Inventory / Stock Options / Display Out of Stock Products"" stores configuration setting), switch this setting to Yes to make sure that a manually positionned product (in categories or in search queries) is no longer shown in the configured manual positions when it becomes out of stock.","Si muestra productos fuera de stock en el frontend (a través de la configuración ""Catálogo / Inventario / Opciones de stock / Mostrar productos agotados""), cambie esta opción a Sí para asegurarse de que un producto manualmente posicionado (en categorías o en consultas de búsqueda) ya no se muestre en las posiciones manuales configuradas cuando se quede fuera de stock.",""
